,0
0,adrienne
1,alan
2,alex
3,alexandra steele
4,alice
5,alison
6,amanda
7,amber
8,amy
9,amy storms out
10,andrea
11,angela
12,annabelle
13,arthur
14,ashley
15,aunt iris
16,aunt lillian
17,aunt lisa
18,aurora
19,barry
20,ben
21,benjamin
22,bernice
23,big nosed rachel
24,bill
25,billy
26,billy crystal
27,bob
28,bobby
29,bonnie
30,brenda
31,burt
32,caitlin
33,carl
34,carol
35,caroline
36,casey
37,cassie
38,catherine
39,cecilia
40,celia
41,chan
42,chandler
43,charlie
44,charlton heston
45,chase lassiter
46,cheryl
47,chip
48,chloe
49,claudia
50,cliff
51,colleen
52,cynthia
53,dan
54,dana
55,danielle
56,danny
57,dave
58,david
59,dennis phillips
60,devon
61,dina
62,dirk
63,don
64,donny
65,donny osmond
66,doug
67,dr. burke
68,dr. drake ramoray
69,dr. drake remoray
70,dr. mitchell
71,dr. roger
72,dr. timothy burke
73,dr. wesley
74,dr. zane
75,dream joey
76,dream monica
77,drew
78,duncan
79,earl
80,eddie
81,elizabeth
82,emil alexander
83,emily
84,emma
85,eric
86,erica
87,erin
88,ernie
89,estelle
90,fake monica
91,fat joey
92,fat monica
93,felicity
94,fran
95,frank
96,frank jr.
97,frank sr.
98,frankie
99,frannie
100,fredrick
101,french phoebe
102,gail
103,gary
104,gary collins
105,gavin
106,gene
107,gert
108,ginger
109,glenda
110,gunter
111,gunther
112,hayley
113,heather
114,helen
115,helena
116,henrietta
117,hilda
118,hillary
119,isabella
120,jack
121,jade
122,jake
123,jamie
124,jane
125,janice
126,janine
127,jasmine
128,jay leno
129,jeanette
130,jeannie
131,jeannine
132,jen
133,jennifer aniston
134,jessica ashley
135,jessica lockhart
136,jill
137,jim
138,jo lynn
139,joanna
140,joanne
141,joe
142,joey
143,joey nods
144,josh
145,joshua
146,judy
147,julie
148,julio
149,kara
150,karin
151,kate
152,kathy
153,katie
154,ken
155,kevin
156,kim
157,kori
158,krista
159,kristen
160,kristin
161,kyle
162,kyle lowder
163,larry
164,laura
165,lauren
166,leslie
167,lewis
168,liam
169,lisa
170,lisa kudrow
171,lizzie
172,lorraine
173,lowell
174,luisa
175,lydia
176,mac
177,mackenzie
178,manny
179,marc
180,marge
181,marjorie
182,mark
183,marsha
184,mary ellen
185,matress king
186,matthew ashford
187,matthew perry
188,meg
189,megan
190,mel
191,melanie
192,melissa
193,michelle
194,mike
195,mindy
196,mischa
197,missy
198,molly
199,mon
200,mona
201,monica
202,morse
203,mr. bing
204,mr. douglas
205,mr. franklin
206,mr. simon
207,mrs. bing
208,ms. lambert
209,nancy
210,nina
211,owen
212,paolo
213,parker
214,patrick
215,paul
216,paula
217,paulo
218,pete
219,peter
220,pheebs
221,phil
222,phoebe
223,phoebe sr
224,phoebe sr.
225,phoebs
226,prof. sherman
227,professor sherman
228,prospective nanny
229,rach
230,rachel
231,ray
232,raymond
233,richard
234,rick
235,rita
236,rob
237,robbie
238,robert
239,robin
240,roger
241,ross
242,roy
243,russ
244,russell
245,ryan
246,sandy
247,sarah
248,scott
249,sebastian
250,sergei
251,shelley
252,sherman whitfield
253,sid
254,sonia
255,sophie
256,stanley
257,stephanie
258,steve
259,stu
260,susan
261,susie
262,terry
263,the fan
264,the rabbi
265,theodore
266,tilly
267,tim
268,tom
269,tommy
270,tony
271,trudie styler
272,ugly naked guy
273,uncle dan
274,ursula
275,van damme
276,wayne
277,wendy
278,whitney
279,young ethan
280,young monica
281,young ross
282,zack
283,zoe
